95,46,81,97,31,32,72,8,17,99,34,31,35,16,9,99,90,67,68,95,66,51,68,46,20,88,82,18,18,75,9,87,45,31,89,13,99,12,65,24,46,53,12,84,9,59,77,58,37,59,48,99,55,83,24,74,90,18,30,23,33,65,99,24,24,76,21,37,49,77,94,92,41,5,27,95,62,33,64,8,32,93,51,86,38,24,82,46,83,69,80,45,56,57,85,16,69,16,33,96
31,34,43,18,80,48,28,82,54,87,83,77,54,50,8,27,73,83,34,91,95,29,80,84,45,34,7,84,62,65,32,87,52,19,32,45,16,23,79,13,21,76,12,92,38,24,44,91,97,24,84,23,64,17,35,57,52,13,67,37,28,67,49,56,78,87,79,48,63,17,77,17,16,39,19,48,29,61,57,9,10,40,69,62,56,15,15,11,82,62,35,82,45,83,70,20,60,78,29,79
93,85,33,70,76,41,10,87,18,21,95,8,75,70,30,56,36,7,26,85,50,31,93,26,89,67,15,29,19,77,82,63,61,24,42,58,11,21,6,66,6,67,43,72,46,49,36,65,86,64,41,45,26,93,94,39,48,24,31,77,76,90,99,81,9,59,78,98,96,81,86,64,61,32,11,24,51,43,15,76,89,46,43,25,58,76,68,24,24,94,30,41,8,48,19,74,72,34,94,16
85,96,46,19,70,23,24,26,6,95,70,24,61,14,66,89,25,66,74,85,87,87,90,76,26,65,94,33,57,55,75,14,29,50,51,48,35,19,96,92,88,50,85,27,82,81,61,99,44,80,69,9,30,58,73,77,50,60,48,21,92,49,22,31,51,75,86,14,8,88,62,56,44,31,7,80,89,88,7,64,61,22,61,87,29,38,35,90,11,7,65,83,5,88,98,76,5,54,8,21
61,24,63,61,92,48,77,57,51,94,49,79,51,87,16,84,19,86,84,29,52,98,18,75,61,76,9,53,16,88,83,40,61,25,91,52,35,35,61,15,41,8,53,96,89,18,52,35,58,88,26,86,84,33,97,14,30,16,20,41,42,45,82,89,35,51,13,16,29,43,20,11,80,12,45,82,63,54,23,67,76,59,34,94,52,87,48,96,5,77,47,30,94,84,93,57,70,39,29,33
74,75,20,50,28,14,6,44,18,26,51,69,81,40,38,45,28,87,97,71,42,66,34,84,31,45,49,30,82,6,99,64,42,78,22,46,97,59,30,78,83,99,63,44,58,90,75,81,29,70,98,78,36,32,9,90,54,87,54,36,9,52,10,51,85,18,75,56,32,10,49,20,68,23,84,46,63,86,70,49,41,76,70,77,30,10,86,57,68,76,61,13,47,66,57,19,58,25,51,51
77,84,42,77,82,80,7,19,10,17,86,59,86,24,19,49,72,59,49,78,22,76,96,36,86,69,22,73,87,93,37,9,78,40,79,86,27,22,91,59,95,75,62,52,26,97,17,70,59,15,52,82,22,32,91,54,87,62,39,70,77,15,90,90,76,9,41,89,84,43,69,54,35,29,79,6,6,71,56,85,89,53,92,17,32,49,23,21,95,37,38,33,32,78,19,62,54,49,28,29
35,38,65,67,32,5,44,75,40,96,7,17,74,38,11,90,33,88,26,54,28,67,36,55,81,22,12,14,65,71,64,6,22,58,43,32,97,97,61,93,92,17,93,67,73,91,87,81,28,82,85,21,68,46,21,18,26,80,72,81,97,6,7,84,15,34,66,26,55,74,18,90,6,95,74,49,58,75,14,62,29,9,86,52,53,35,54,64,87,20,14,91,83,33,70,59,42,66,26,45
26,55,76,88,25,53,96,74,96,66,94,42,57,42,11,5,8,79,92,76,35,89,39,41,93,51,7,39,22,58,63,96,98,36,87,9,67,25,90,92,42,95,30,28,91,81,48,48,95,70,33,29,75,51,16,9,77,70,31,74,91,33,91,9,74,19,88,58,82,76,79,34,97,48,26,73,26,81,41,17,25,37,59,99,39,90,32,66,38,12,65,86,89,85,25,90,14,19,28,56
45,47,18,7,7,39,65,88,13,40,66,98,65,96,38,73,44,16,67,21,42,96,8,58,80,22,90,50,58,91,73,71,55,74,99,11,85,6,30,73,84,76,80,70,86,44,44,86,88,98,37,93,64,27,17,45,67,64,58,51,41,22,41,36,17,41,50,24,39,78,93,15,11,36,24,27,5,54,17,88,63,61,91,9,29,33,8,25,14,41,45,51,17,26,27,97,55,37,56,85
18,73,5,56,43,42,29,33,75,53,14,43,90,59,64,26,42,59,63,70,87,69,26,82,35,7,64,54,27,11,96,61,71,60,59,89,83,81,73,83,94,12,46,87,17,41,49,78,43,65,43,32,31,87,90,12,81,93,19,52,87,22,46,29,83,9,47,7,55,47,94,66,43,8,82,5,8,8,49,43,51,38,62,15,42,11,9,94,55,33,16,64,80,8,10,34,37,9,28,34
60,75,94,19,30,43,88,78,34,84,66,9,90,13,54,9,73,96,32,6,46,82,7,24,34,85,32,14,99,34,40,63,79,86,41,93,55,29,56,92,83,40,27,52,72,53,36,47,17,59,74,93,23,98,8,24,93,60,38,75,34,40,9,40,23,30,18,80,50,50,78,9,75,96,93,68,77,41,27,28,49,42,88,38,20,61,21,20,5,83,80,28,12,80,46,38,35,59,32,78
78,49,81,97,10,6,22,95,22,63,74,60,97,66,20,6,54,74,15,38,7,59,7,63,61,73,82,39,45,21,58,85,15,99,29,58,96,67,51,72,23,39,44,62,52,51,53,52,27,86,5,38,65,69,87,18,63,36,96,61,35,61,98,69,63,59,92,75,38,29,68,88,23,83,79,68,89,88,85,60,48,11,57,11,29,49,66,56,12,51,6,5,69,80,77,80,29,43,55,97
16,94,96,10,33,38,49,89,60,26,62,29,72,80,80,11,10,52,82,90,76,37,17,18,51,77,96,15,6,85,88,54,73,8,13,39,79,23,49,43,63,58,74,35,17,37,68,53,5,33,41,99,55,87,16,10,97,68,76,79,92,49,49,64,53,83,27,76,38,61,88,75,58,20,48,83,10,86,98,78,15,24,97,72,37,5,18,24,61,23,94,39,11,5,9,31,67,97,52,73
85,99,29,72,59,85,63,96,38,37,16,57,47,66,37,12,49,28,78,99,57,8,70,17,71,51,66,74,55,20,29,53,34,6,20,46,52,43,27,46,36,70,39,7,54,69,89,85,84,20,68,66,21,39,79,18,64,51,8,29,34,64,96,76,79,84,9,17,75,52,33,57,38,38,32,99,12,38,38,98,71,49,43,87,14,53,60,19,98,79,91,72,61,17,62,33,69,28,98,40
34,51,49,31,99,84,81,57,58,57,85,28,88,72,22,55,85,26,74,73,97,80,78,56,68,96,36,95,30,63,75,87,40,52,52,11,53,35,70,47,10,38,79,88,52,49,21,84,16,85,51,64,55,21,14,55,70,47,46,87,99,65,92,29,90,31,12,57,76,82,86,86,56,62,39,11,97,40,18,28,94,64,14,22,86,16,74,34,17,57,38,60,5,55,45,11,73,80,79,22
31,64,31,80,28,33,90,35,32,81,45,96,61,32,17,60,52,59,62,29,41,15,14,99,11,43,77,67,13,5,75,10,36,13,24,74,38,75,45,96,54,77,18,17,65,72,70,44,76,29,48,54,16,85,43,38,87,18,42,18,70,50,14,33,9,77,6,15,85,66,53,25,33,44,90,17,98,35,94,73,35,96,89,59,97,17,79,65,7,58,34,16,14,34,60,32,24,61,70,39
90,99,56,32,94,34,39,31,53,65,35,86,72,23,94,42,82,75,63,91,71,38,61,29,96,8,70,71,28,22,87,90,6,70,21,69,30,69,91,95,68,50,29,45,33,31,49,17,20,68,84,12,97,82,43,93,28,27,9,74,38,60,50,97,72,57,85,62,89,21,7,44,44,18,35,98,30,78,83,81,54,89,84,73,72,59,68,93,43,17,96,71,7,75,31,77,64,43,47,76
81,65,61,77,76,34,28,75,31,92,24,58,64,56,30,76,60,23,44,56,48,34,39,20,40,84,57,82,86,95,79,87,50,91,31,74,33,82,6,97,94,67,19,39,28,83,33,38,16,98,48,30,13,87,6,93,25,12,56,98,88,90,55,38,77,79,26,98,23,75,62,68,44,96,22,80,11,68,14,12,11,66,36,37,15,66,11,95,59,30,50,25,80,45,78,69,22,35,63,26
79,60,81,54,12,69,45,94,17,94,36,92,77,92,36,86,45,41,83,15,6,83,69,43,73,79,6,67,21,20,11,13,12,84,57,27,67,66,94,60,77,38,5,79,60,39,23,90,58,67,89,5,25,39,91,94,55,34,16,50,80,52,11,41,44,40,94,46,43,16,57,21,95,85,53,17,20,12,72,11,66,14,52,24,26,14,12,11,43,76,96,88,34,82,94,29,71,66,89,20
13,85,69,58,52,94,76,99,40,59,12,70,51,92,40,40,51,54,51,38,92,78,14,67,72,97,34,15,80,47,86,54,11,65,69,13,32,34,69,64,73,64,66,80,28,8,61,67,7,20,12,75,58,26,55,58,30,64,72,27,47,29,13,14,56,61,71,70,72,12,95,26,70,26,31,46,66,91,65,62,83,84,10,60,83,11,80,34,53,19,57,99,82,13,75,34,59,39,67,39
20,10,84,7,48,54,15,47,78,13,57,42,54,65,14,7,83,66,65,8,56,35,8,50,68,13,53,15,62,53,56,26,97,76,16,58,85,50,94,6,34,71,87,90,45,16,14,46,13,6,24,81,7,49,86,9,37,56,8,15,28,66,12,67,8,91,7,77,22,37,61,97,32,28,45,99,42,8,84,89,50,14,45,66,43,22,21,14,80,23,77,91,30,99,52,77,84,79,64,98
15,50,46,37,26,13,50,72,72,22,10,79,47,34,76,26,80,20,38,42,74,53,21,52,16,54,5,9,50,12,97,45,40,42,41,76,34,43,56,89,85,68,12,47,69,92,33,36,59,43,54,33,59,51,66,43,18,74,35,42,36,13,45,63,27,79,32,44,31,6,58,43,86,89,44,75,55,69,33,16,68,68,27,18,90,92,31,81,18,6,13,11,16,12,38,23,53,57,38,95
74,15,28,32,51,29,74,22,70,10,36,23,39,60,40,60,50,5,68,38,21,41,80,88,58,13,94,10,86,90,35,45,22,25,54,61,53,92,12,24,73,34,9,84,16,39,35,15,90,36,45,90,94,61,72,86,15,23,86,27,9,69,72,87,65,79,8,92,18,95,8,60,34,26,16,31,14,96,49,7,70,74,62,93,86,24,30,67,15,6,10,75,89,54,96,26,44,7,24,91
45,71,24,42,55,48,78,56,68,74,43,7,81,60,28,38,59,15,83,87,12,94,80,98,49,74,40,20,74,77,75,51,50,9,39,96,59,27,73,37,23,48,68,94,49,59,84,23,17,64,42,32,11,61,66,52,34,59,38,95,27,64,60,40,5,92,31,43,88,90,75,77,87,79,48,21,47,96,8,80,10,22,57,28,78,6,88,21,8,49,80,86,66,67,25,87,21,39,38,39
45,81,37,24,56,17,93,63,71,11,24,28,15,54,9,92,47,47,87,24,42,75,99,92,49,13,38,36,93,12,48,30,43,29,94,23,69,22,39,6,54,71,85,12,31,98,80,27,31,62,6,82,84,22,16,11,84,35,41,16,9,14,11,68,69,36,34,46,94,41,24,91,65,52,90,12,85,95,42,89,5,85,49,88,88,38,28,91,47,36,98,29,52,21,63,47,35,78,61,13
81,61,19,9,53,74,7,51,70,37,5,99,64,39,69,87,82,94,85,64,20,27,36,38,21,48,40,36,52,53,60,84,6,35,24,86,96,90,27,55,37,61,79,34,73,87,6,46,97,43,97,82,71,17,88,52,15,39,32,84,19,45,78,9,20,57,38,61,39,30,35,8,85,99,96,98,65,16,24,29,58,53,99,91,67,8,57,12,64,76,94,54,21,94,15,89,17,31,45,50
33,52,23,70,78,42,74,5,57,97,95,23,97,19,11,50,33,44,51,60,43,7,74,83,50,76,5,77,12,39,28,39,45,35,41,77,71,66,90,44,71,62,21,7,66,85,53,20,79,7,84,5,58,13,51,6,70,38,20,29,14,46,99,23,80,81,53,13,34,15,30,12,19,23,42,60,62,84,68,63,13,88,62,23,54,21,94,20,11,5,92,87,13,70,35,53,35,60,87,91
72,55,40,97,47,99,85,75,81,65,32,23,32,40,29,95,19,64,75,68,6,63,68,56,84,61,17,31,61,21,76,66,37,73,55,13,87,9,60,58,98,57,58,91,65,77,60,9,30,13,70,77,24,72,78,43,40,98,13,32,29,81,33,36,45,57,64,33,34,83,45,32,49,46,49,36,57,22,86,76,66,74,44,27,23,82,47,5,25,90,88,85,74,6,98,70,70,21,63,55
22,76,39,15,50,90,96,90,49,53,45,58,55,85,51,12,5,70,60,67,95,19,22,88,71,54,28,86,12,87,88,12,46,21,26,58,72,52,10,17,96,58,54,59,70,82,32,52,21,22,81,11,28,82,96,10,73,55,69,21,90,74,84,32,32,18,92,30,67,66,11,38,75,97,19,34,82,20,28,80,6,62,48,14,90,30,14,38,10,16,61,55,10,89,19,80,20,51,15,50
47,73,71,88,94,34,19,87,29,24,12,5,74,48,72,57,40,85,89,78,43,26,95,87,42,48,88,21,72,83,30,17,42,22,81,79,25,6,91,96,62,15,27,8,19,46,9,77,45,52,53,61,89,68,84,69,22,30,49,27,31,6,65,58,29,69,93,92,8,54,70,79,50,9,17,61,21,24,25,41,71,5,66,74,14,25,21,83,74,79,14,44,6,81,5,91,98,5,33,14
97,40,30,32,37,91,82,15,6,89,73,12,88,95,25,74,51,47,61,12,47,92,95,12,20,26,76,15,25,81,63,70,84,82,68,31,10,89,53,61,15,14,22,31,70,68,43,8,30,30,66,61,14,51,35,59,83,54,47,22,50,64,29,27,28,55,29,57,99,97,92,41,35,34,7,27,46,70,94,41,47,22,21,58,61,25,24,69,58,20,56,50,29,98,90,15,11,54,44,31
76,23,6,33,51,6,63,14,63,18,74,78,99,25,30,47,74,53,89,95,24,58,11,27,65,85,82,55,48,52,34,52,42,80,89,79,42,15,26,81,82,59,69,81,96,77,15,65,28,84,37,95,60,87,74,64,98,43,16,35,52,70,71,51,46,9,7,21,50,54,52,42,60,61,46,66,83,26,10,50,16,25,74,90,89,64,50,20,88,44,59,17,55,19,42,32,30,60,61,10
29,91,46,13,59,48,73,85,15,52,48,38,68,60,25,33,7,88,13,32,27,90,12,77,95,93,32,48,60,36,91,72,76,22,75,29,84,12,53,9,14,39,47,64,70,55,29,34,79,43,34,86,24,82,58,70,50,30,38,97,92,22,54,95,58,31,14,49,34,48,34,7,90,5,46,19,61,79,32,67,96,32,8,11,22,26,82,40,14,35,29,65,26,29,39,91,33,80,9,87
46,68,48,61,12,30,75,30,99,19,38,9,58,98,27,91,87,12,26,82,33,59,45,14,9,18,36,7,64,12,28,62,41,98,44,70,74,21,18,80,63,19,10,98,85,89,39,7,14,99,52,82,22,66,5,98,21,47,84,56,65,73,73,37,21,83,68,77,63,16,54,9,90,45,8,21,50,5,82,25,83,39,94,18,92,7,95,55,46,95,87,33,72,58,83,34,69,49,77,84
48,84,65,7,82,77,86,48,12,80,6,98,84,60,20,94,89,87,50,18,29,69,18,6,21,70,21,39,49,12,34,7,6,27,63,63,19,25,72,25,54,94,71,29,93,53,6,72,28,35,75,80,7,55,99,88,66,46,13,66,10,96,34,57,48,81,98,58,84,49,15,61,99,46,22,84,25,48,43,70,19,45,87,41,63,69,58,64,42,18,41,93,12,97,79,34,34,39,37,24
38,87,86,83,43,75,93,93,21,93,54,56,78,13,87,80,77,78,12,61,16,61,16,62,34,39,43,32,8,26,87,10,77,80,30,63,62,31,32,88,41,99,97,21,46,80,27,13,65,21,84,7,56,81,8,61,85,88,15,45,68,29,24,17,5,31,46,78,23,8,13,69,78,35,14,13,60,26,87,75,40,9,49,27,9,12,77,8,29,23,81,24,70,95,91,73,5,9,92,17
78,80,16,40,23,29,78,18,54,36,13,99,35,71,52,87,24,90,36,53,5,52,97,51,81,21,95,73,97,70,30,88,68,17,29,40,78,92,93,44,41,70,99,62,54,52,16,59,40,65,92,85,72,6,45,69,77,8,52,47,24,77,54,10,15,13,51,52,29,28,44,79,80,29,63,92,88,10,85,49,64,47,96,10,18,32,93,37,60,21,15,12,99,8,44,8,24,69,57,88
85,43,90,74,79,66,40,50,34,42,29,12,29,5,36,36,25,9,84,76,60,32,58,17,32,48,12,49,34,62,18,12,83,26,91,94,54,94,39,24,67,74,66,80,33,83,41,75,50,57,93,55,32,64,33,14,70,82,14,90,15,44,42,7,45,30,41,67,14,34,66,31,25,65,8,92,49,30,50,86,24,86,69,55,41,39,82,91,85,47,67,43,26,57,82,30,83,10,19,67
56,64,94,79,24,20,29,92,48,91,60,42,58,55,52,56,13,61,83,52,79,55,70,95,89,52,77,67,40,54,44,69,38,91,98,74,88,45,94,11,22,65,85,65,7,62,91,48,20,35,40,70,39,25,48,51,79,41,38,73,77,53,87,16,63,27,15,53,44,69,66,55,90,44,24,51,73,96,64,86,38,93,44,43,23,96,37,69,44,14,44,43,40,37,95,13,19,80,91,87
69,58,97,31,66,10,48,28,23,43,15,49,55,45,84,68,25,74,32,56,72,8,65,63,57,86,74,82,70,94,26,65,81,70,81,40,60,61,24,90,39,85,59,62,15,25,97,75,30,73,59,97,39,54,20,98,7,91,99,79,92,9,55,53,47,31,28,38,11,88,26,97,45,68,24,15,67,93,76,91,73,20,24,68,12,98,93,32,34,12,57,26,67,54,29,27,29,65,11,17
18,91,98,63,17,75,62,8,81,93,60,8,90,78,58,20,92,69,54,11,39,40,21,7,69,95,61,71,49,13,44,51,36,76,13,92,97,7,99,26,79,90,75,49,88,86,70,95,69,9,79,55,36,33,69,32,69,38,68,78,10,85,45,79,69,27,86,22,42,77,43,74,33,10,81,56,99,50,45,55,6,67,85,68,20,69,29,34,6,27,57,74,80,87,65,20,41,22,56,38
47,8,68,39,10,86,53,53,57,76,51,77,10,74,84,96,13,72,18,33,93,68,16,61,55,80,58,44,87,23,18,91,82,46,29,34,15,78,84,99,75,41,86,67,47,18,76,65,81,65,70,51,73,10,18,81,63,79,95,82,86,69,68,22,85,60,29,20,52,56,12,26,7,86,71,39,93,90,84,21,75,62,94,30,7,9,97,50,5,48,13,58,29,59,75,68,52,20,58,89
72,43,85,92,9,75,53,71,42,22,94,99,12,12,6,79,9,44,9,27,81,45,87,8,18,43,73,56,92,51,74,34,30,16,71,91,91,15,57,93,11,78,45,10,59,63,53,56,32,19,6,63,61,42,27,38,81,92,72,85,89,14,30,9,20,48,53,23,10,98,13,14,81,25,26,23,52,81,51,79,77,95,51,50,66,20,19,17,39,81,81,28,53,19,38,37,33,39,84,69
87,57,41,16,60,51,85,56,80,84,43,26,43,46,65,62,53,46,27,28,76,21,38,14,96,77,65,81,24,92,10,12,10,28,70,23,46,56,57,44,69,26,37,8,71,16,71,76,46,53,36,9,62,65,24,51,35,55,57,41,46,9,7,78,69,88,32,5,67,77,80,5,42,34,57,53,72,13,50,46,17,31,95,82,37,81,52,31,64,83,40,48,50,34,22,79,77,90,50,92
98,25,54,94,33,44,83,9,12,36,8,60,26,86,52,75,76,9,56,86,25,81,20,44,64,52,98,16,27,75,44,10,30,48,56,88,31,51,43,8,6,64,31,79,19,9,67,85,72,74,37,87,64,66,31,30,83,32,99,6,20,8,69,11,75,45,67,67,50,10,34,73,7,84,49,14,13,82,90,8,52,82,84,52,83,12,96,76,38,18,34,18,41,63,57,80,77,22,59,79
46,71,50,11,43,39,55,39,55,25,60,14,79,89,14,32,48,66,52,80,28,40,40,69,74,9,91,87,45,25,64,73,97,75,90,35,71,27,31,69,83,16,69,48,34,65,51,95,72,55,16,52,35,95,50,81,24,47,24,77,26,79,74,18,94,87,50,35,28,97,69,19,75,21,60,66,75,35,66,97,35,98,79,6,82,27,96,30,56,41,47,52,90,75,62,35,67,68,69,56
76,40,86,90,74,77,18,83,17,57,16,97,60,94,45,47,99,23,15,37,40,25,87,29,99,70,77,90,59,82,85,29,13,16,52,79,95,39,69,79,29,51,7,6,94,6,27,31,8,57,26,45,64,54,46,45,88,87,99,87,60,37,80,31,69,91,57,46,26,81,65,41,41,56,32,96,11,82,60,16,23,87,81,30,30,37,90,5,85,66,7,87,71,7,6,60,29,20,46,66
60,94,29,5,34,46,80,45,86,50,65,36,78,72,65,90,42,40,90,75,95,38,14,7,72,22,23,66,42,72,93,54,97,53,32,88,98,19,39,80,40,46,74,35,92,54,41,36,9,66,36,38,58,47,57,40,33,13,23,99,53,25,56,87,37,11,77,52,87,11,67,85,6,63,29,82,78,77,72,96,7,85,71,39,54,83,54,5,31,86,89,22,61,89,33,95,74,36,50,97
85,73,34,8,90,29,18,79,66,60,9,42,50,24,41,17,11,26,81,8,85,71,38,16,82,54,71,74,48,64,38,95,98,12,81,18,28,54,73,93,19,14,65,57,94,48,76,97,34,74,29,13,32,74,96,10,33,93,5,92,51,73,90,26,57,36,80,48,26,61,96,22,56,92,27,5,52,90,66,45,27,65,91,40,13,45,92,35,38,49,35,9,13,13,14,71,90,46,81,64
41,61,91,95,67,76,16,71,60,69,23,83,58,97,27,49,76,90,33,76,37,73,96,91,27,59,65,77,57,62,42,45,90,24,89,69,69,47,63,51,75,7,13,59,97,88,61,27,37,25,91,12,65,32,95,54,28,56,20,30,39,41,15,56,97,43,51,47,79,79,46,62,38,31,75,40,7,42,39,94,94,97,27,19,23,83,33,91,98,82,48,41,92,13,14,90,21,23,19,81
42,42,18,27,52,37,36,73,82,56,84,59,71,8,81,6,45,71,36,72,26,31,24,14,14,51,86,62,49,87,37,95,78,58,17,66,67,52,66,89,99,53,64,97,78,57,91,9,80,46,39,37,49,92,66,97,45,92,82,10,9,25,34,6,15,24,97,24,38,18,55,77,51,47,87,40,59,91,74,58,25,92,62,75,96,13,52,57,85,27,47,27,94,97,27,68,38,39,59,49
52,84,80,55,51,30,93,78,33,14,81,74,66,99,86,81,8,98,84,32,39,36,21,38,36,24,71,58,84,45,79,72,92,48,12,8,58,30,30,79,63,86,42,25,88,93,98,34,40,36,94,12,41,42,91,60,93,57,98,51,13,53,6,58,17,34,86,94,76,54,62,49,58,52,78,41,13,95,48,40,75,99,81,86,61,71,90,62,76,42,54,31,86,91,37,47,52,49,78,83
90,13,55,75,20,62,86,59,22,9,64,63,7,20,45,77,42,6,97,84,23,94,34,23,40,70,85,61,43,72,39,13,17,55,34,65,41,75,23,24,33,51,68,62,92,28,37,12,55,79,86,90,84,21,14,28,89,46,9,12,25,12,72,36,88,70,9,23,72,80,61,32,16,35,85,42,10,78,53,50,96,78,17,37,54,27,44,82,92,54,49,31,52,61,13,54,16,85,62,23
88,41,63,92,41,16,91,25,21,48,17,15,24,38,33,67,58,44,45,80,51,99,46,37,71,87,16,95,47,34,11,97,49,56,36,26,10,7,58,69,44,83,35,66,98,87,87,62,52,51,27,85,36,12,99,89,36,91,66,10,54,91,34,6,60,72,49,7,76,21,17,96,10,79,13,9,99,15,70,55,36,95,55,50,84,44,52,11,85,18,98,76,94,39,40,18,8,27,60,31
62,84,51,68,75,78,43,76,48,13,6,39,76,22,8,39,16,11,87,51,70,68,77,67,89,91,37,9,28,62,11,92,74,29,27,68,64,82,8,30,47,85,92,80,43,68,74,7,50,73,56,12,46,51,27,62,50,82,73,97,30,11,95,31,77,63,47,68,80,5,47,43,22,79,84,73,37,83,26,16,68,37,16,42,49,6,44,97,39,45,5,88,59,68,69,19,41,15,43,73
96,57,37,83,99,97,75,98,42,36,69,61,30,77,90,67,44,60,61,25,43,52,42,17,23,31,78,33,68,22,21,45,82,50,18,82,53,50,41,82,80,69,94,80,35,25,95,58,6,26,69,17,81,52,69,17,47,9,80,80,90,7,99,57,51,22,70,30,55,81,77,29,89,97,61,90,67,18,12,6,36,84,48,18,87,47,50,31,20,22,57,31,68,9,70,60,40,55,88,27
19,72,40,64,33,34,95,73,64,15,80,13,56,26,11,97,98,95,16,41,94,41,9,59,58,19,69,56,35,48,24,74,63,92,68,22,62,28,8,33,29,53,42,92,49,44,84,62,31,12,12,43,40,77,48,64,64,65,20,95,90,65,55,42,62,98,92,42,29,65,92,22,75,58,63,94,70,13,25,96,73,39,69,54,48,56,47,30,37,24,92,17,72,92,68,25,86,46,94,47
81,59,24,8,22,63,52,39,74,41,91,45,92,78,71,65,55,42,33,59,94,86,48,44,50,84,37,46,21,19,61,45,31,5,27,74,5,22,75,66,85,24,80,71,65,12,74,11,87,61,22,15,81,86,52,23,97,52,79,81,60,85,21,95,98,35,35,44,23,11,42,96,33,72,40,32,20,35,56,15,76,11,5,59,58,22,40,17,35,91,11,23,42,48,67,70,86,58,44,87
43,84,62,62,44,12,27,73,42,34,54,36,75,98,36,56,20,34,24,10,99,69,99,10,81,63,89,22,16,27,86,25,20,40,12,26,52,35,14,36,92,77,16,58,73,75,44,80,57,84,97,49,32,11,89,22,66,50,53,85,13,69,78,98,81,47,23,25,45,84,93,68,29,31,83,55,52,7,28,39,35,13,45,37,39,82,53,80,42,13,25,72,24,34,40,82,78,42,84,57
50,59,33,71,84,8,8,87,70,85,52,84,64,61,56,57,87,29,35,50,83,96,16,6,72,43,20,24,72,75,91,18,91,28,61,61,52,72,30,27,9,85,85,97,57,86,62,87,61,53,98,40,58,51,14,23,23,71,32,70,44,21,67,97,69,97,65,54,87,42,50,20,20,65,75,47,96,94,87,68,83,51,78,50,14,85,87,59,68,10,21,53,40,20,48,63,76,23,81,57
13,41,66,15,24,88,33,55,30,36,49,76,90,58,20,24,48,71,89,42,72,92,72,68,55,21,93,54,65,28,15,9,43,69,67,90,64,89,47,89,21,25,85,40,99,78,10,16,66,72,62,59,76,68,43,16,31,90,54,47,85,96,52,79,72,32,54,7,55,21,61,18,12,53,35,73,5,85,83,30,47,82,22,62,92,67,12,64,34,64,56,5,23,80,85,26,97,78,74,91
48,94,10,17,60,26,6,17,24,94,17,83,61,86,57,21,99,25,16,81,14,53,36,17,47,24,53,34,56,42,56,84,52,72,12,92,20,90,24,12,92,72,92,11,40,60,96,92,8,88,49,86,94,12,5,65,89,26,9,82,49,71,96,87,17,43,9,61,34,51,75,85,21,22,86,27,42,21,22,21,81,81,36,10,60,42,43,26,27,16,12,6,11,91,39,43,65,70,82,5
57,48,57,95,21,30,91,74,9,37,88,84,94,75,11,82,58,57,90,62,35,78,25,99,91,75,58,17,66,61,55,86,59,25,96,90,27,44,35,13,77,54,28,63,49,34,17,24,52,27,50,59,58,46,11,50,22,32,66,20,9,21,17,10,95,15,36,75,46,80,71,26,94,95,30,52,77,64,55,16,36,91,8,24,50,83,66,5,23,35,57,82,23,5,7,49,78,40,73,97
53,52,63,25,64,81,35,81,98,88,37,52,9,45,59,24,74,21,82,73,16,36,56,57,28,49,75,75,5,21,87,86,74,24,89,26,77,76,51,69,85,10,62,20,28,51,96,29,63,15,16,29,83,32,47,53,39,86,35,23,46,48,73,16,11,15,54,7,44,95,75,46,91,13,88,88,34,15,37,58,90,56,38,79,94,68,60,75,53,62,64,15,32,63,94,57,40,49,69,77
30,93,30,66,26,52,67,93,6,34,98,58,47,20,12,90,85,84,69,75,63,50,9,20,68,48,58,6,89,76,44,86,39,34,96,70,48,22,25,9,14,50,33,78,51,23,31,76,35,30,21,54,42,7,21,18,96,48,79,94,90,13,57,42,89,39,68,36,35,62,47,77,51,85,77,21,52,36,81,47,43,80,70,48,42,67,12,78,16,37,12,24,34,42,50,12,65,17,25,18
15,30,40,54,5,39,36,85,53,50,60,91,79,56,82,86,40,84,27,92,75,28,79,74,99,43,91,56,28,92,34,94,31,35,96,71,54,16,36,87,71,85,80,54,48,23,93,80,76,59,46,7,47,94,6,47,38,38,40,99,87,66,26,44,29,22,27,81,96,36,6,55,98,79,24,15,41,27,35,34,48,91,90,18,48,84,82,49,53,97,15,24,12,9,82,35,56,23,71,48
66,19,35,71,16,33,40,91,27,89,77,78,24,38,97,5,88,56,55,91,17,91,98,57,81,44,84,85,43,18,9,49,77,92,42,38,24,18,18,35,50,88,32,70,56,11,92,93,25,34,28,24,11,60,87,50,76,13,68,22,11,69,38,56,70,72,94,59,42,70,97,55,23,78,17,63,42,45,14,76,90,54,69,89,67,21,33,29,64,33,97,85,41,36,13,35,77,78,16,37
68,78,60,25,41,11,60,54,82,37,65,96,69,10,82,43,96,8,73,17,79,11,98,8,80,5,29,65,33,38,76,26,96,93,81,43,98,34,24,69,45,43,83,71,86,42,7,14,94,28,53,20,85,88,21,33,20,7,33,85,26,57,25,72,62,8,86,60,98,89,23,72,26,96,58,77,48,26,22,32,61,97,98,28,80,25,57,31,38,68,42,78,69,74,82,71,26,86,77,9
47,66,98,88,24,56,66,41,61,95,79,35,46,11,43,20,81,22,52,34,99,29,28,98,74,83,9,94,81,12,85,63,86,19,42,11,51,18,68,15,37,61,16,69,83,70,48,31,74,21,29,88,44,94,5,97,31,11,42,69,91,80,52,9,51,14,21,44,24,38,68,99,48,16,96,65,70,93,70,45,16,69,69,88,16,66,71,21,90,27,20,58,67,66,16,60,98,65,49,42
15,67,38,18,12,72,18,93,70,51,43,34,54,81,45,37,44,76,18,40,37,61,89,65,42,91,87,59,69,35,79,5,39,45,19,66,57,30,83,69,65,91,48,63,22,67,74,45,75,36,17,12,95,92,79,39,74,10,94,30,42,12,18,16,45,60,72,89,42,10,30,70,25,51,24,81,30,31,83,57,16,11,71,23,14,61,79,25,98,72,98,64,69,54,84,47,28,10,83,22
18,16,95,77,17,58,19,90,19,69,39,67,49,79,79,52,84,85,36,92,17,46,25,18,82,41,27,22,10,51,76,15,91,44,56,46,43,49,21,41,33,71,52,96,7,35,47,65,90,73,83,89,47,62,52,67,62,37,37,51,68,56,52,22,94,82,22,85,99,29,6,65,93,10,57,24,77,85,60,27,84,26,6,86,48,19,93,35,75,17,53,72,73,19,70,46,60,19,18,53
26,5,58,14,27,66,20,31,80,6,26,43,71,31,93,73,33,74,90,8,83,56,21,8,61,50,44,53,74,35,60,31,51,69,88,50,75,55,83,57,85,5,81,42,69,41,87,43,35,68,55,16,83,65,99,15,62,28,82,95,68,15,41,57,70,59,24,34,59,47,10,62,67,86,95,79,34,53,8,22,23,59,17,9,23,58,12,94,64,91,42,10,50,70,99,50,59,70,60,29
18,56,57,90,68,27,80,97,52,78,69,81,68,77,41,54,21,13,93,44,9,24,67,41,78,67,74,65,66,84,8,55,51,7,7,69,17,41,6,89,98,87,21,99,50,66,69,42,64,7,8,19,47,38,52,28,11,64,87,19,84,94,63,50,44,46,53,90,94,79,88,54,31,80,89,67,70,92,18,9,86,98,36,9,87,43,6,24,6,46,98,89,64,91,94,22,7,74,5,16
6,35,32,72,54,5,89,44,17,40,10,94,74,29,57,21,34,72,61,35,46,24,67,31,41,40,64,87,75,90,15,68,23,64,47,55,41,5,77,17,28,80,81,12,94,83,82,54,46,15,14,64,95,20,66,98,69,17,10,44,61,17,85,77,43,31,61,8,16,52,12,65,97,55,14,76,91,86,54,25,51,61,22,86,16,99,69,57,8,58,15,79,57,84,55,26,46,32,28,40
40,46,69,96,41,63,32,93,73,31,76,25,44,31,21,17,32,35,95,47,70,67,36,11,74,47,74,36,80,64,19,42,70,94,97,23,12,17,85,85,79,64,79,59,91,57,99,78,70,93,44,5,13,11,98,45,42,54,28,75,22,93,41,25,79,49,98,85,39,67,30,67,89,88,28,53,14,59,90,36,67,17,91,72,54,18,29,14,48,98,70,73,97,63,45,40,52,57,87,97
89,5,31,7,66,84,6,78,55,33,51,82,36,9,49,76,72,33,35,71,20,23,58,62,61,71,8,89,97,24,14,99,47,91,32,60,68,55,24,96,93,28,37,37,31,15,75,90,57,48,86,66,73,36,12,81,59,50,6,12,9,79,72,64,19,10,70,65,41,41,74,36,56,49,63,98,30,42,80,76,27,69,73,9,69,91,54,74,72,8,88,52,57,99,28,36,57,56,24,48
98,76,36,24,22,38,91,7,94,84,62,82,17,73,74,30,57,76,58,52,11,61,92,32,97,57,95,36,59,38,65,18,49,29,91,20,54,63,67,20,54,9,68,36,73,20,59,26,12,33,51,44,33,22,76,85,43,17,74,73,77,27,13,43,75,77,51,87,55,84,74,67,72,52,21,87,8,45,98,20,12,70,53,31,18,47,49,63,23,93,37,93,26,55,63,61,28,56,27,97
22,82,85,59,88,91,23,47,52,48,43,84,53,8,17,49,28,94,96,40,9,91,7,81,50,34,32,88,18,63,76,75,74,92,11,22,34,67,49,39,5,60,8,31,42,23,68,7,63,99,32,81,58,55,17,41,87,58,67,7,46,20,47,79,97,69,18,69,20,92,62,75,52,93,8,69,33,61,96,40,60,59,69,44,43,80,83,92,15,33,28,51,10,64,50,5,53,82,15,87
48,79,84,65,32,55,14,73,12,58,66,84,75,88,93,33,20,14,55,46,18,38,34,24,46,77,99,20,5,23,48,36,77,85,70,83,54,71,44,58,24,97,59,57,82,56,16,84,55,20,26,12,40,62,72,78,74,83,98,12,72,29,78,98,68,86,76,83,91,76,12,83,37,38,51,74,92,66,36,52,6,80,18,55,52,85,49,62,96,58,14,44,69,40,39,11,34,7,44,36
41,98,77,15,63,25,97,49,41,16,13,74,48,27,27,78,92,93,8,81,60,21,89,34,13,46,69,50,59,73,96,71,83,54,68,62,28,28,20,6,70,29,57,52,6,88,44,56,58,73,73,34,76,30,25,75,32,21,86,40,37,48,24,50,85,5,63,78,83,85,17,36,22,47,27,12,6,8,56,81,32,55,96,98,44,81,86,76,61,87,38,97,95,89,11,24,88,12,98,40
99,65,45,7,97,32,73,6,65,92,52,99,88,24,73,74,94,12,44,24,8,70,48,92,68,17,20,54,53,93,29,10,39,84,45,25,92,62,79,40,11,70,43,62,20,10,57,51,5,79,28,97,5,5,68,33,99,24,64,29,99,85,82,7,53,70,34,24,79,63,45,16,83,40,78,45,74,29,26,57,98,27,25,93,59,39,15,58,92,93,26,94,48,47,40,90,44,55,42,62
41,24,87,33,84,70,42,93,70,63,42,80,58,32,20,98,12,19,86,85,91,57,6,46,73,58,53,98,52,61,51,20,96,21,87,98,59,32,72,62,11,58,18,82,58,97,87,76,75,24,48,6,66,64,78,91,8,64,64,51,65,56,97,88,47,61,88,42,95,56,81,88,71,49,73,22,86,7,16,6,94,26,61,88,47,58,95,22,30,51,7,24,77,57,67,51,99,14,83,86
79,79,54,77,38,80,37,61,8,96,37,76,12,8,99,28,75,48,65,36,46,18,35,61,97,19,35,93,26,5,90,67,48,14,28,21,89,6,84,31,23,6,51,60,54,38,68,90,18,31,95,69,71,64,78,56,32,43,30,45,20,57,25,69,30,43,69,94,63,22,62,14,35,5,96,37,85,33,85,36,49,77,58,8,13,42,20,68,65,60,27,21,23,7,74,58,16,90,92,82
61,73,28,77,89,11,51,78,42,19,49,67,49,64,59,35,80,63,14,26,58,90,15,80,47,49,8,25,53,94,49,15,16,18,75,63,37,50,90,17,78,93,71,87,46,13,22,48,25,39,53,8,76,97,16,53,92,92,48,59,35,37,80,28,20,70,28,97,12,77,23,99,24,50,35,88,91,90,20,54,77,91,82,80,59,35,16,24,56,74,11,69,12,71,66,35,34,10,74,70
11,38,74,44,12,19,17,15,60,73,19,76,98,53,40,92,52,59,98,23,58,68,9,89,93,10,50,37,42,51,67,53,91,31,65,84,48,69,34,97,15,27,94,59,96,39,8,76,27,51,88,39,47,38,28,34,23,45,90,87,73,34,16,30,11,93,83,57,25,54,17,77,46,54,94,39,86,73,86,54,93,62,69,53,33,17,47,50,18,29,16,86,44,67,16,17,96,82,7,48
11,13,91,9,60,38,75,98,29,31,69,76,82,16,86,39,33,5,68,46,46,45,45,89,55,24,41,88,22,37,97,39,13,97,15,25,28,9,46,33,75,46,7,82,34,5,27,58,60,84,92,87,29,73,96,51,14,72,88,76,64,49,87,79,10,96,12,14,68,97,14,82,24,35,8,74,22,82,16,49,18,27,43,33,12,32,24,12,50,83,39,37,86,58,50,75,33,11,79,39
90,75,20,71,35,33,56,49,24,16,83,51,56,24,14,53,86,25,32,98,24,63,84,67,41,17,99,17,38,67,32,66,30,62,79,38,82,85,64,95,88,25,99,18,65,53,63,62,26,25,69,53,22,16,82,46,16,55,59,30,37,65,78,66,19,92,69,6,75,95,90,15,33,93,63,34,48,40,21,36,86,29,16,25,75,56,16,73,68,7,30,26,6,15,98,72,46,55,19,29
83,76,76,80,59,14,57,52,8,76,28,34,76,46,78,44,90,82,36,61,77,63,22,21,49,65,88,47,90,24,34,30,47,35,70,86,66,77,27,56,59,9,49,68,34,47,51,68,54,45,15,67,61,26,14,84,70,30,37,65,30,68,96,7,51,67,58,54,96,5,77,62,25,63,36,41,63,18,74,66,70,24,93,86,37,72,61,6,73,76,82,55,90,25,71,88,15,59,75,87
88,67,9,72,67,19,33,5,11,80,64,10,95,14,59,29,95,70,13,97,92,51,65,73,70,24,60,66,63,84,53,15,39,70,43,47,89,75,16,28,93,26,57,61,72,39,30,47,48,20,17,90,67,33,99,54,21,71,55,53,65,43,60,31,39,72,24,58,92,48,64,98,60,80,85,53,39,20,15,90,68,18,95,86,20,75,46,30,47,63,20,93,53,64,77,18,89,11,72,98
46,88,72,76,88,18,46,40,20,40,29,31,60,80,71,30,44,12,54,61,55,5,18,61,78,36,42,27,73,56,11,81,81,19,72,84,34,90,82,75,97,85,62,94,5,53,81,49,29,40,99,35,93,65,69,96,8,18,74,75,26,95,65,28,10,7,81,77,44,56,41,95,50,64,51,92,62,64,92,71,70,78,74,58,23,80,62,72,49,25,73,67,75,74,35,93,83,98,10,45
62,87,21,37,61,43,70,74,63,53,47,24,51,89,38,85,49,73,91,89,98,12,26,24,91,16,62,95,87,66,24,81,91,28,13,24,56,45,44,14,49,73,61,69,46,56,81,71,43,44,11,86,68,11,17,63,17,42,58,90,74,64,23,83,24,76,32,78,92,12,60,90,7,99,45,62,30,92,60,29,34,22,22,67,18,83,91,67,42,91,22,60,90,96,68,26,98,64,73,76
93,89,78,61,95,82,15,35,63,56,84,76,43,61,59,93,80,9,66,84,79,42,24,52,67,82,45,81,92,90,38,90,59,11,88,49,91,12,75,54,94,61,33,62,33,48,32,97,50,46,39,29,40,73,71,84,67,45,68,38,97,87,5,58,68,12,10,85,33,90,69,15,70,89,70,72,81,72,98,93,79,87,13,6,92,10,49,98,30,11,42,5,45,11,29,64,5,26,51,67
38,97,44,33,52,30,38,27,78,88,34,9,47,58,45,54,95,69,83,68,71,40,41,45,81,87,57,11,73,68,45,57,76,9,6,94,88,77,40,74,17,66,80,64,18,57,12,23,12,98,89,94,45,16,44,22,80,13,90,87,16,59,87,31,7,45,33,9,54,39,90,27,45,40,55,70,21,85,55,30,93,50,97,12,55,22,8,62,76,68,71,31,54,93,51,41,11,21,63,75
13,83,68,60,63,56,52,61,53,7,12,16,40,16,89,51,42,14,73,94,70,71,67,8,34,43,16,59,15,46,82,87,77,28,18,78,72,92,79,41,80,20,42,30,46,17,57,45,54,70,71,59,23,39,39,30,61,73,70,16,65,47,62,31,45,12,84,30,22,35,41,37,89,43,74,43,17,33,48,70,89,94,88,87,75,76,37,49,86,31,20,94,93,46,48,8,69,80,7,9
77,74,59,53,96,47,14,90,47,44,85,78,82,90,19,93,77,38,86,89,39,22,59,10,62,52,25,94,94,30,65,60,93,52,95,54,36,47,82,25,21,11,97,19,51,49,8,73,16,67,15,55,71,99,65,84,98,33,44,73,87,28,15,66,96,73,54,15,55,31,36,29,15,12,65,20,22,59,62,13,30,46,60,22,19,60,68,55,44,29,63,5,58,96,55,33,41,72,71,91
33,64,84,48,39,39,71,29,68,54,54,51,53,32,45,37,11,12,85,61,60,59,94,41,6,58,76,21,11,54,6,40,46,49,30,34,64,62,95,84,62,34,98,88,8,17,34,39,66,9,26,33,9,14,41,68,88,23,68,41,25,76,16,53,40,31,56,84,75,45,14,94,55,20,18,89,82,50,48,36,58,64,28,73,9,45,23,90,75,97,10,68,77,81,81,99,10,98,79,47
20,75,50,92,90,5,34,59,98,92,72,66,53,16,98,25,29,63,7,65,57,7,5,94,44,8,96,72,96,5,75,15,14,10,51,79,83,43,59,93,37,64,44,92,64,36,62,23,42,49,50,18,17,96,83,66,71,6,48,83,26,63,43,12,23,65,93,42,43,21,36,50,36,27,38,59,19,51,81,26,36,49,33,58,85,26,58,41,98,53,20,56,70,66,84,8,32,57,31,74
20,89,20,90,34,53,49,64,19,88,13,16,90,13,57,18,35,57,59,74,50,30,28,43,78,58,28,21,62,29,58,29,94,86,48,59,69,14,35,51,87,97,92,52,90,61,17,30,11,65,60,97,20,37,47,37,43,41,11,12,10,73,31,20,92,87,45,6,34,8,12,72,86,51,47,28,73,5,73,20,83,65,96,36,85,90,67,63,94,24,21,50,42,68,31,61,48,11,57,92
63,68,43,82,34,13,95,61,7,10,35,20,57,98,50,37,10,98,71,9,21,27,78,69,95,9,12,28,60,17,19,75,78,66,12,87,7,99,34,32,57,86,89,49,19,12,97,68,9,41,45,43,94,92,36,93,71,72,71,94,71,70,37,95,64,30,59,64,76,94,63,67,65,5,76,80,74,87,58,6,25,87,38,10,23,71,22,13,56,12,98,41,29,48,6,24,68,75,74,84
